aarav@yandex.com, Aarav, =cTxFw/2G?3Q
aarush@gmail.com, Aarush, aG<PTMOUh1YE
aayush@protonmail.jest, Aayush, K0xaAi5cA(UD
avyaan@gmail.in, Avyaan, ds#f1tJA@0h.
advik@protonmail.com, Advik, :M$<0Ke6iV%Z
akarsh@gmail.com, Akarsh, Bw4sDfSJ@.=6
anay@protonmail.com, Anay, .@d|2V:hu5|A
atharva@hotmail.jest, Atharva, xw1EW)D:@eQ3
arhaan@hotmail.co.in, Arhaan, T/rEND(<H7c6
ahaan@protonmail.com, Ahaan, xe#sdCBxIb4*
arnav@protonmail.com, Arnav, g#%DkRw8mRe*
adhrit@protonmail.jest, Adhrit, .XHk4hyaC)2>
aryaman@gmail.com, Aryaman, (4uWWkJ.j$z7
bhaavik@gmail.jest, Bhaavik, yYc@<gvkz8|%
bhavin@yandex.in, Bhavin, TD66Z@dGtRs|
chitaksh@protonmail.jest, Chitaksh, zsahRaJ<gZ2U
daksh@gmail.co.in, Daksh, Y=@q*IBJ)dN1
darshit@hotmail.in, Darshit, xz(0Gcj#Gc<H
devansh@gmail.in, Devansh, C$iSBo2>~)|.
dhanuk@protonmail.com, Dhanuk, 8Grje?d|icEj
dhairya@gmail.com, Dhairya, =T|V65fseN4*
divij@yandex.in, Divij, UcUo0?1d8o#)
divit@yandex.co.in, Divit, vd2E:mteM2||
divyansh@protonmail.co.in, Divyansh, )Q(QcTD0|8I5
ehsaan@hotmail.com, Ehsaan, 0/|D>fBx$I8P
eeshan@gmail.co.in, Eeshan, 4XHhpqc9ge?B
faiyaz@protonmail.jest, Faiyaz, a$n7aE>oyM@j
farhan@gmail.com, Farhan, SAt2u#C)q)PS
gatik@yandex.co.in, Gatik, S0/4nfw@o~pk
gauransh@hotmail.co.in, Gauransh, RPGg#N~t8|iX
hardik@protonmail.com, Hardik, Y.#O4~aibj**
himmat@yandex.co.in, Himmat, KkawHNoyu*(3
hriday@hotmail.jest, Hriday, Yi*6xEZjGU:Q
hridaan@hotmail.in, Hridaan, kHTs~>Ko7XJY
hunar@protonmail.in, Hunar, >n4p:/tIKEc9
ishir@gmail.co.in, Ishir, 2UI~UiH#@:uK
ikshit@gmail.co.in, Ikshit, /tmfzWD(eZ6U
ishaan@hotmail.co.in, Ishaan, dO9Rte8.z8>r
ivaan@hotmail.jest, Ivaan, 05I5)u/tUsMO
izaan@gmail.co.in, Izaan, g~.b073~X(yY
jaiyush@yandex.co.in, Jaiyush, op%|9e0$w1DV
jivin@hotmail.in, Jivin, .6ayK~Bq:W|t
kanav@hotmail.in, Kanav, ho:1O|K)Xhb8
krishiv@hotmail.com, Krishiv, p>?AY3yA$%hH
kiaan@gmail.jest, Kiaan, rHV4g?9SDuz2
kushagra@hotmail.in, Kushagra, <97EMU$6Gew.
krish@yandex.co.in, Krish, @#dAu>T8zA*S
lakshay@yandex.com, Lakshay, Vx=KKCrH9dB@
lauhit@protonmail.com, Lauhit, Xm@9HZvy/c7S
lakshit@hotmail.com, Lakshit, @yBwRR:FP8rX
manan@yandex.co.in, Manan, Q1*%vzvC$@X?
manav@protonmail.in, Manav, >34kym/k@MX=
medhansh@protonmail.com, Medhansh, 02X0**0pVdmw
moksh@yandex.jest, Moksh, /)YM5~mzt//Y
navodit@gmail.com, Navodit, 0WQ?:.xUbR:~
nimit@yandex.jest, Nimit, X@J8dMAasQ5<
nirvaan@hotmail.com, Nirvaan, SYt>bgpv(<1#
nishith@hotmail.co.in, Nishith, 0BH@t@PPG40u
ohas@yandex.co.in, Ohas, mT1M/pW0kCK8
ojas@protonmail.com, Ojas, g|cT#AIc2:Be
parv@protonmail.com, Parv, B/70AqoK8%r*
pranay@yandex.jest, Pranay, izbtpJIGJf9)
pratham@hotmail.co.in, Pratham, 4Gs>5@=uzWJM
purab@protonmail.in, Purab, O1?5Cb>@yiOV
raghav@hotmail.co.in, Raghav, 7(*kD/EgpK?U
ranbir@gmail.co.in, Ranbir, A)N:T0x?c#(B
reyansh@hotmail.com, Reyansh, 9.u~<%#@oqV(
ritvik@protonmail.jest, Ritvik, T%0$UJEtBsC6
ryan@hotmail.co.in, Ryan, UP~xa*.9S$Hm
rudransh@protonmail.com, Rudransh, :@fgs:o/P?8J
saatvik@hotmail.com, Saatvik, yaV6@<CEb8h<
savar@protonmail.in, Savar, bS93m(:m%MRD
sahil@protonmail.co.in, Sahil, J~iGS4(%7FyM
saksham@protonmail.com, Saksham, <7(p8hGKSzjs
samar@gmail.jest, Samar, g7Wgm~%K#3Xp
samarth@protonmail.co.in, Samarth, U#6eQz8~1)P%
shaan@gmail.in, Shaan, %7R6k$Ji:G1C
saihaj@gmail.jest, Saihaj, 2>fXN?(zc@Mk
shayak@hotmail.jest, Shayak, PAJ|Ir0?eM)?
shlok@gmail.in, Shlok, kQ(4EibM|(Bi
shray@protonmail.in, Shray, fWYq2<u3|(bG
stuvan@gmail.in, Stuvan, <Cs@VYh7XJ:e
suveer@protonmail.in, Suveer, 1Zzv5*WPE|yj
taksh@yandex.in, Taksh, E6k#i5q9>tIi
tanvik@yandex.com, Tanvik, a~Q)9Ip9t.k>
tanmay@protonmail.in, Tanmay, 5I#ynBb8W3UC
tejas@yandex.jest, Tejas, *$WF%)#.o95.
ujjwal@protonmail.in, Ujjwal, ~NRi/#fhK0q|
umang@hotmail.com, Umang, 1YyjHNTf#IsU
uthkarsh@gmail.com, Uthkarsh, jB?h1%dZu(sF
vaibhav@hotmail.com, Vaibhav, j8h2#F59G5fj
vihaan@protonmail.jest, Vihaan, SxqN(1UI2A@)
viraj@hotmail.co.in, Viraj, 8NxsnBjg.TWD
virat@hotmail.com, Virat, gs)3I)1Xy%T0
vivaan@protonmail.jest, Vivaan, kfnJkX#3G<%/
yug@protonmail.in, Yug, pYe)WfUkPHa6
yuvaan@protonmail.in, Yuvaan, v|>0>Ot%kMMC
yuvraj@yandex.jest, Yuvraj, QJ/AnJewF72g
zain@hotmail.co.in, Zain, (ybP0Wge)cA8